{"cameraMode":{"drawMode":0,"name":"Shaded","section":"Shading Mode"},"sceneLighting":false,"audioPlay":false,"sceneViewState":{"m_AlwaysRefresh":false,"showFog":true,"showSkybox":true,"showFlares":true,"showImageEffects":true,"showParticleSystems":true,"showVisualEffectGraphs":true,"m_FxEnabled":true},"in2DMode":false,"pivot":{"x":853.7491455078125,"y":132.3000030517578,"z":9.928804397583008},"rotation":{"x":-0.031467095017433169,"y":-0.04196690022945404,"z":-0.0013222461566329003,"w":0.9986229538917542},"size":16.22852897644043,"orthographic":false}